epoch,time,train/box_loss,train/cls_loss,train/dfl_loss,metrics/precision(B),metrics/recall(B),metrics/mAP50(B),metrics/mAP50-95(B),val/box_loss,val/cls_loss,val/dfl_loss,lr/pg0,lr/pg1,lr/pg2
1,49.943,1.28035,1.95041,1.22879,0.74281,0.46665,0.5587,0.41704,1.088,1.05977,1.05586,1.785e-05,1.785e-05,1.785e-05
2,80.7573,1.37451,2.04052,1.32018,0.66241,0.50352,0.57043,0.42147,1.09509,1.0547,1.0617,1.86295e-05,1.86295e-05,1.86295e-05
